location_slug,location_name,target_date,adm4,bmkg_point_name,area_level,is_proxy_bmkg,latitude,longitude,timezone,location_note,tanggal,source_id,provider,target_jam,source_datetime,suhu_C,RH_%,rain_mm,wind_kmh,gap_minutes,point_weight,kategori,raw_condition
dago,"Dago, Bandung",2026-05-02,32.73.02.1004,Dago,kelurahan,no,-6.889,107.61,Asia/Jakarta,"BMKG point: Dago, Coblong, Kota Bandung",02-05-2026,BMKG,BMKG,10:00,2026-05-02 11:00:00,30.0,66.0,1.5,5.7,60.0,1.0125,Hujan Ringan,Hujan Ringan
dago,"Dago, Bandung",2026-05-02,32.73.02.1004,Dago,kelurahan,no,-6.889,107.61,Asia/Jakarta,"BMKG point: Dago, Coblong, Kota Bandung",02-05-2026,BMKG,BMKG,13:00,2026-05-02 14:00:00,25.0,82.0,1.5,4.3,60.0,1.0125,Hujan Ringan,Hujan Ringan
dago,"Dago, Bandung",2026-05-02,32.73.02.1004,Dago,kelurahan,no,-6.889,107.61,Asia/Jakarta,"BMKG point: Dago, Coblong, Kota Bandung",02-05-2026,BMKG,BMKG,16:00,2026-05-02 17:00:00,23.0,89.0,1.5,1.7,60.0,1.0125,Hujan Ringan,Hujan Ringan
dago,"Dago, Bandung",2026-05-02,32.73.02.1004,Dago,kelurahan,no,-6.889,107.61,Asia/Jakarta,"BMKG point: Dago, Coblong, Kota Bandung",02-05-2026,BMKG,BMKG,19:00,2026-05-02 20:00:00,22.0,93.0,0.0,1.1,60.0,1.0125,Berawan,Berawan
dago,"Dago, Bandung",2026-05-02,32.73.02.1004,Dago,kelurahan,no,-6.889,107.61,Asia/Jakarta,"BMKG point: Dago, Coblong, Kota Bandung",02-05-2026,BMKG,BMKG,22:00,2026-05-02 23:00:00,21.0,95.0,0.0,1.0,60.0,1.0125,Berawan,Berawan
dago,"Dago, Bandung",2026-05-02,32.73.02.1004,Dago,kelurahan,no,-6.889,107.61,Asia/Jakarta,"BMKG point: Dago, Coblong, Kota Bandung",02-05-2026,CMA,Open-Meteo / CMA GRAPES,10:00,2026-05-02 10:00:00,26.2,71.0,0.0,9.4,0.0,0.85,Berawan,wmo:3
dago,"Dago, Bandung",2026-05-02,32.73.02.1004,Dago,kelurahan,no,-6.889,107.61,Asia/Jakarta,"BMKG point: Dago, Coblong, Kota Bandung",02-05-2026,CMA,Open-Meteo / CMA GRAPES,13:00,2026-05-02 13:00:00,27.5,69.0,0.0,13.1,0.0,0.85,Berawan,wmo:3
dago,"Dago, Bandung",2026-05-02,32.73.02.1004,Dago,kelurahan,no,-6.889,107.61,Asia/Jakarta,"BMKG point: Dago, Coblong, Kota Bandung",02-05-2026,CMA,Open-Meteo / CMA GRAPES,16:00,2026-05-02 16:00:00,25.3,80.0,1.4,8.7,0.0,0.85,Hujan Ringan,wmo:80
dago,"Dago, Bandung",2026-05-02,32.73.02.1004,Dago,kelurahan,no,-6.889,107.61,Asia/Jakarta,"BMKG point: Dago, Coblong, Kota Bandung",02-05-2026,CMA,Open-Meteo / CMA GRAPES,19:00,2026-05-02 19:00:00,24.1,86.0,1.5,5.7,0.0,0.85,Hujan Ringan,wmo:80
dago,"Dago, Bandung",2026-05-02,32.73.02.1004,Dago,kelurahan,no,-6.889,107.61,Asia/Jakarta,"BMKG point: Dago, Coblong, Kota Bandung",02-05-2026,CMA,Open-Meteo / CMA GRAPES,22:00,2026-05-02 22:00:00,23.2,93.0,0.1,4.3,0.0,0.85,Hujan Ringan,wmo:51
dago,"Dago, Bandung",2026-05-02,32.73.02.1004,Dago,kelurahan,no,-6.889,107.61,Asia/Jakarta,"BMKG point: Dago, Coblong, Kota Bandung",02-05-2026,ECMWF,Open-Meteo / ECMWF,10:00,2026-05-02 10:00:00,25.6,67.0,0.0,2.3,0.0,1.2,Cerah,wmo:0
dago,"Dago, Bandung",2026-05-02,32.73.02.1004,Dago,kelurahan,no,-6.889,107.61,Asia/Jakarta,"BMKG point: Dago, Coblong, Kota Bandung",02-05-2026,ECMWF,Open-Meteo / ECMWF,13:00,2026-05-02 13:00:00,27.3,65.0,0.0,2.6,0.0,1.2,Cerah,wmo:0
dago,"Dago, Bandung",2026-05-02,32.73.02.1004,Dago,kelurahan,no,-6.889,107.61,Asia/Jakarta,"BMKG point: Dago, Coblong, Kota Bandung",02-05-2026,ECMWF,Open-Meteo / ECMWF,16:00,2026-05-02 16:00:00,24.6,78.0,0.1,1.8,0.0,1.2,Hujan Ringan,wmo:51
dago,"Dago, Bandung",2026-05-02,32.73.02.1004,Dago,kelurahan,no,-6.889,107.61,Asia/Jakarta,"BMKG point: Dago, Coblong, Kota Bandung",02-05-2026,ECMWF,Open-Meteo / ECMWF,19:00,2026-05-02 19:00:00,21.8,90.0,0.0,1.5,0.0,1.2,Cerah Berawan,wmo:2
dago,"Dago, Bandung",2026-05-02,32.73.02.1004,Dago,kelurahan,no,-6.889,107.61,Asia/Jakarta,"BMKG point: Dago, Coblong, Kota Bandung",02-05-2026,ECMWF,Open-Meteo / ECMWF,22:00,2026-05-02 22:00:00,21.3,87.0,0.0,2.9,0.0,1.2,Cerah Berawan,wmo:1
dago,"Dago, Bandung",2026-05-02,32.73.02.1004,Dago,kelurahan,no,-6.889,107.61,Asia/Jakarta,"BMKG point: Dago, Coblong, Kota Bandung",02-05-2026,GFS,Open-Meteo / NOAA GFS,10:00,2026-05-02 10:00:00,27.0,61.0,0.0,1.1,0.0,1.0,Cerah Berawan,wmo:2
dago,"Dago, Bandung",2026-05-02,32.73.02.1004,Dago,kelurahan,no,-6.889,107.61,Asia/Jakarta,"BMKG point: Dago, Coblong, Kota Bandung",02-05-2026,GFS,Open-Meteo / NOAA GFS,13:00,2026-05-02 13:00:00,28.9,56.0,0.6,9.4,0.0,1.0,Hujan Ringan,wmo:53
dago,"Dago, Bandung",2026-05-02,32.73.02.1004,Dago,kelurahan,no,-6.889,107.61,Asia/Jakarta,"BMKG point: Dago, Coblong, Kota Bandung",02-05-2026,GFS,Open-Meteo / NOAA GFS,16:00,2026-05-02 16:00:00,25.5,76.0,2.7,5.9,0.0,1.0,Hujan Sedang,wmo:81
dago,"Dago, Bandung",2026-05-02,32.73.02.1004,Dago,kelurahan,no,-6.889,107.61,Asia/Jakarta,"BMKG point: Dago, Coblong, Kota Bandung",02-05-2026,GFS,Open-Meteo / NOAA GFS,19:00,2026-05-02 19:00:00,22.7,89.0,1.0,2.1,0.0,1.0,Hujan Ringan,wmo:55
dago,"Dago, Bandung",2026-05-02,32.73.02.1004,Dago,kelurahan,no,-6.889,107.61,Asia/Jakarta,"BMKG point: Dago, Coblong, Kota Bandung",02-05-2026,GFS,Open-Meteo / NOAA GFS,22:00,2026-05-02 22:00:00,22.1,91.0,0.0,1.8,0.0,1.0,Cerah Berawan,wmo:1
dago,"Dago, Bandung",2026-05-02,32.73.02.1004,Dago,kelurahan,no,-6.889,107.61,Asia/Jakarta,"BMKG point: Dago, Coblong, Kota Bandung",02-05-2026,ICON,Open-Meteo / DWD ICON,10:00,2026-05-02 10:00:00,26.6,73.0,0.0,2.5,0.0,1.05,Cerah Berawan,wmo:2
dago,"Dago, Bandung",2026-05-02,32.73.02.1004,Dago,kelurahan,no,-6.889,107.61,Asia/Jakarta,"BMKG point: Dago, Coblong, Kota Bandung",02-05-2026,ICON,Open-Meteo / DWD ICON,13:00,2026-05-02 13:00:00,28.9,64.0,0.0,7.1,0.0,1.05,Cerah Berawan,wmo:2
dago,"Dago, Bandung",2026-05-02,32.73.02.1004,Dago,kelurahan,no,-6.889,107.61,Asia/Jakarta,"BMKG point: Dago, Coblong, Kota Bandung",02-05-2026,ICON,Open-Meteo / DWD ICON,16:00,2026-05-02 16:00:00,26.9,76.0,1.0,8.2,0.0,1.05,Hujan Lebat,wmo:95
dago,"Dago, Bandung",2026-05-02,32.73.02.1004,Dago,kelurahan,no,-6.889,107.61,Asia/Jakarta,"BMKG point: Dago, Coblong, Kota Bandung",02-05-2026,ICON,Open-Meteo / DWD ICON,19:00,2026-05-02 19:00:00,24.7,85.0,0.3,1.3,0.0,1.05,Hujan Ringan,wmo:80
dago,"Dago, Bandung",2026-05-02,32.73.02.1004,Dago,kelurahan,no,-6.889,107.61,Asia/Jakarta,"BMKG point: Dago, Coblong, Kota Bandung",02-05-2026,ICON,Open-Meteo / DWD ICON,22:00,2026-05-02 22:00:00,24.1,88.0,0.0,1.0,0.0,1.05,Cerah Berawan,wmo:2
dago,"Dago, Bandung",2026-05-02,32.73.02.1004,Dago,kelurahan,no,-6.889,107.61,Asia/Jakarta,"BMKG point: Dago, Coblong, Kota Bandung",02-05-2026,KMA,Open-Meteo / KMA,10:00,2026-05-02 10:00:00,,,,,0.0,0.63,Berawan,wmo:None
dago,"Dago, Bandung",2026-05-02,32.73.02.1004,Dago,kelurahan,no,-6.889,107.61,Asia/Jakarta,"BMKG point: Dago, Coblong, Kota Bandung",02-05-2026,KMA,Open-Meteo / KMA,13:00,2026-05-02 13:00:00,,,,,0.0,0.63,Berawan,wmo:None
dago,"Dago, Bandung",2026-05-02,32.73.02.1004,Dago,kelurahan,no,-6.889,107.61,Asia/Jakarta,"BMKG point: Dago, Coblong, Kota Bandung",02-05-2026,KMA,Open-Meteo / KMA,16:00,2026-05-02 16:00:00,,,,,0.0,0.63,Berawan,wmo:None
dago,"Dago, Bandung",2026-05-02,32.73.02.1004,Dago,kelurahan,no,-6.889,107.61,Asia/Jakarta,"BMKG point: Dago, Coblong, Kota Bandung",02-05-2026,KMA,Open-Meteo / KMA,19:00,2026-05-02 19:00:00,,,,,0.0,0.63,Berawan,wmo:None
dago,"Dago, Bandung",2026-05-02,32.73.02.1004,Dago,kelurahan,no,-6.889,107.61,Asia/Jakarta,"BMKG point: Dago, Coblong, Kota Bandung",02-05-2026,KMA,Open-Meteo / KMA,22:00,2026-05-02 22:00:00,,,,,0.0,0.63,Berawan,wmo:None
dago,"Dago, Bandung",2026-05-02,32.73.02.1004,Dago,kelurahan,no,-6.889,107.61,Asia/Jakarta,"BMKG point: Dago, Coblong, Kota Bandung",02-05-2026,METEOFRANCE,Open-Meteo / Meteo-France,10:00,2026-05-02 10:00:00,29.7,74.0,0.0,5.4,0.0,1.1,Cerah Berawan,wmo:2
dago,"Dago, Bandung",2026-05-02,32.73.02.1004,Dago,kelurahan,no,-6.889,107.61,Asia/Jakarta,"BMKG point: Dago, Coblong, Kota Bandung",02-05-2026,METEOFRANCE,Open-Meteo / Meteo-France,13:00,2026-05-02 13:00:00,31.8,70.0,0.0,9.4,0.0,1.1,Cerah Berawan,wmo:1
dago,"Dago, Bandung",2026-05-02,32.73.02.1004,Dago,kelurahan,no,-6.889,107.61,Asia/Jakarta,"BMKG point: Dago, Coblong, Kota Bandung",02-05-2026,METEOFRANCE,Open-Meteo / Meteo-France,16:00,2026-05-02 16:00:00,28.6,90.0,2.4,7.9,0.0,1.1,Hujan Ringan,wmo:80
dago,"Dago, Bandung",2026-05-02,32.73.02.1004,Dago,kelurahan,no,-6.889,107.61,Asia/Jakarta,"BMKG point: Dago, Coblong, Kota Bandung",02-05-2026,METEOFRANCE,Open-Meteo / Meteo-France,19:00,2026-05-02 19:00:00,26.8,97.0,2.7,3.2,0.0,1.1,Hujan Sedang,wmo:81
dago,"Dago, Bandung",2026-05-02,32.73.02.1004,Dago,kelurahan,no,-6.889,107.61,Asia/Jakarta,"BMKG point: Dago, Coblong, Kota Bandung",02-05-2026,METEOFRANCE,Open-Meteo / Meteo-France,22:00,2026-05-02 22:00:00,26.2,98.0,0.8,4.3,0.0,1.1,Hujan Ringan,wmo:53
dago,"Dago, Bandung",2026-05-02,32.73.02.1004,Dago,kelurahan,no,-6.889,107.61,Asia/Jakarta,"BMKG point: Dago, Coblong, Kota Bandung",02-05-2026,METNO,MET Norway,10:00,2026-05-02 10:00:00,25.6,69.9,0.2,7.92,0.0,1.0,Hujan Ringan,lightrain
dago,"Dago, Bandung",2026-05-02,32.73.02.1004,Dago,kelurahan,no,-6.889,107.61,Asia/Jakarta,"BMKG point: Dago, Coblong, Kota Bandung",02-05-2026,METNO,MET Norway,13:00,2026-05-02 13:00:00,26.9,64.7,0.8,5.04,0.0,1.0,Hujan Ringan,rainshowers_day
dago,"Dago, Bandung",2026-05-02,32.73.02.1004,Dago,kelurahan,no,-6.889,107.61,Asia/Jakarta,"BMKG point: Dago, Coblong, Kota Bandung",02-05-2026,METNO,MET Norway,16:00,2026-05-02 16:00:00,24.1,78.3,0.0,6.84,0.0,1.0,Cerah Berawan,partlycloudy_day
dago,"Dago, Bandung",2026-05-02,32.73.02.1004,Dago,kelurahan,no,-6.889,107.61,Asia/Jakarta,"BMKG point: Dago, Coblong, Kota Bandung",02-05-2026,METNO,MET Norway,19:00,2026-05-02 19:00:00,22.6,87.4,0.0,2.88,0.0,1.0,Cerah Berawan,partlycloudy_night
dago,"Dago, Bandung",2026-05-02,32.73.02.1004,Dago,kelurahan,no,-6.889,107.61,Asia/Jakarta,"BMKG point: Dago, Coblong, Kota Bandung",02-05-2026,METNO,MET Norway,22:00,2026-05-02 22:00:00,21.5,91.0,0.0,3.24,0.0,1.0,Cerah Berawan,partlycloudy_night
dago,"Dago, Bandung",2026-05-02,32.73.02.1004,Dago,kelurahan,no,-6.889,107.61,Asia/Jakarta,"BMKG point: Dago, Coblong, Kota Bandung",02-05-2026,UKMO,Open-Meteo / UK Met Office,10:00,2026-05-02 10:00:00,25.7,68.0,0.0,7.6,0.0,0.95,Cerah,wmo:0
dago,"Dago, Bandung",2026-05-02,32.73.02.1004,Dago,kelurahan,no,-6.889,107.61,Asia/Jakarta,"BMKG point: Dago, Coblong, Kota Bandung",02-05-2026,UKMO,Open-Meteo / UK Met Office,13:00,2026-05-02 13:00:00,28.0,60.0,0.1,8.3,0.0,0.95,Hujan Ringan,wmo:51
dago,"Dago, Bandung",2026-05-02,32.73.02.1004,Dago,kelurahan,no,-6.889,107.61,Asia/Jakarta,"BMKG point: Dago, Coblong, Kota Bandung",02-05-2026,UKMO,Open-Meteo / UK Met Office,16:00,2026-05-02 16:00:00,26.5,70.0,0.1,6.5,0.0,0.95,Hujan Ringan,wmo:51
dago,"Dago, Bandung",2026-05-02,32.73.02.1004,Dago,kelurahan,no,-6.889,107.61,Asia/Jakarta,"BMKG point: Dago, Coblong, Kota Bandung",02-05-2026,UKMO,Open-Meteo / UK Met Office,19:00,2026-05-02 19:00:00,24.5,85.0,0.2,6.5,0.0,0.95,Hujan Ringan,wmo:51
dago,"Dago, Bandung",2026-05-02,32.73.02.1004,Dago,kelurahan,no,-6.889,107.61,Asia/Jakarta,"BMKG point: Dago, Coblong, Kota Bandung",02-05-2026,UKMO,Open-Meteo / UK Met Office,22:00,2026-05-02 22:00:00,23.0,90.0,0.0,4.7,0.0,0.95,Cerah,wmo:0
jatinangor,"Jatinangor, Sumedang",2026-05-02,32.11.15.2002,Hegarmanah,kecamatan,yes,-6.938,107.7556,Asia/Jakarta,"BMKG representative point: Hegarmanah, Kecamatan Jatinangor",02-05-2026,BMKG,BMKG,10:00,2026-05-02 11:00:00,30.0,68.0,0.0,7.4,60.0,1.0125,Cerah Berawan,Cerah Berawan
jatinangor,"Jatinangor, Sumedang",2026-05-02,32.11.15.2002,Hegarmanah,kecamatan,yes,-6.938,107.7556,Asia/Jakarta,"BMKG representative point: Hegarmanah, Kecamatan Jatinangor",02-05-2026,BMKG,BMKG,13:00,2026-05-02 14:00:00,26.0,79.0,0.0,2.9,60.0,1.0125,Cerah Berawan,Cerah Berawan
jatinangor,"Jatinangor, Sumedang",2026-05-02,32.11.15.2002,Hegarmanah,kecamatan,yes,-6.938,107.7556,Asia/Jakarta,"BMKG representative point: Hegarmanah, Kecamatan Jatinangor",02-05-2026,BMKG,BMKG,16:00,2026-05-02 17:00:00,23.0,91.0,1.5,3.3,60.0,1.0125,Hujan Ringan,Hujan Ringan
jatinangor,"Jatinangor, Sumedang",2026-05-02,32.11.15.2002,Hegarmanah,kecamatan,yes,-6.938,107.7556,Asia/Jakarta,"BMKG representative point: Hegarmanah, Kecamatan Jatinangor",02-05-2026,BMKG,BMKG,19:00,2026-05-02 20:00:00,23.0,96.0,0.0,1.4,60.0,1.0125,Berawan,Berawan
jatinangor,"Jatinangor, Sumedang",2026-05-02,32.11.15.2002,Hegarmanah,kecamatan,yes,-6.938,107.7556,Asia/Jakarta,"BMKG representative point: Hegarmanah, Kecamatan Jatinangor",02-05-2026,BMKG,BMKG,22:00,2026-05-02 23:00:00,21.0,98.0,0.0,1.3,60.0,1.0125,Berawan,Berawan
jatinangor,"Jatinangor, Sumedang",2026-05-02,32.11.15.2002,Hegarmanah,kecamatan,yes,-6.938,107.7556,Asia/Jakarta,"BMKG representative point: Hegarmanah, Kecamatan Jatinangor",02-05-2026,CMA,Open-Meteo / CMA GRAPES,10:00,2026-05-02 10:00:00,26.4,71.0,0.0,10.2,0.0,0.85,Berawan,wmo:3
jatinangor,"Jatinangor, Sumedang",2026-05-02,32.11.15.2002,Hegarmanah,kecamatan,yes,-6.938,107.7556,Asia/Jakarta,"BMKG representative point: Hegarmanah, Kecamatan Jatinangor",02-05-2026,CMA,Open-Meteo / CMA GRAPES,13:00,2026-05-02 13:00:00,28.1,67.0,0.0,11.1,0.0,0.85,Berawan,wmo:3
jatinangor,"Jatinangor, Sumedang",2026-05-02,32.11.15.2002,Hegarmanah,kecamatan,yes,-6.938,107.7556,Asia/Jakarta,"BMKG representative point: Hegarmanah, Kecamatan Jatinangor",02-05-2026,CMA,Open-Meteo / CMA GRAPES,16:00,2026-05-02 16:00:00,25.8,81.0,1.1,10.3,0.0,0.85,Hujan Ringan,wmo:55
jatinangor,"Jatinangor, Sumedang",2026-05-02,32.11.15.2002,Hegarmanah,kecamatan,yes,-6.938,107.7556,Asia/Jakarta,"BMKG representative point: Hegarmanah, Kecamatan Jatinangor",02-05-2026,CMA,Open-Meteo / CMA GRAPES,19:00,2026-05-02 19:00:00,24.0,89.0,0.9,6.6,0.0,0.85,Hujan Ringan,wmo:53
jatinangor,"Jatinangor, Sumedang",2026-05-02,32.11.15.2002,Hegarmanah,kecamatan,yes,-6.938,107.7556,Asia/Jakarta,"BMKG representative point: Hegarmanah, Kecamatan Jatinangor",02-05-2026,CMA,Open-Meteo / CMA GRAPES,22:00,2026-05-02 22:00:00,23.6,89.0,1.0,3.6,0.0,0.85,Hujan Ringan,wmo:55
jatinangor,"Jatinangor, Sumedang",2026-05-02,32.11.15.2002,Hegarmanah,kecamatan,yes,-6.938,107.7556,Asia/Jakarta,"BMKG representative point: Hegarmanah, Kecamatan Jatinangor",02-05-2026,ECMWF,Open-Meteo / ECMWF,10:00,2026-05-02 10:00:00,27.1,66.0,0.0,7.2,0.0,1.2,Berawan,wmo:3
jatinangor,"Jatinangor, Sumedang",2026-05-02,32.11.15.2002,Hegarmanah,kecamatan,yes,-6.938,107.7556,Asia/Jakarta,"BMKG representative point: Hegarmanah, Kecamatan Jatinangor",02-05-2026,ECMWF,Open-Meteo / ECMWF,13:00,2026-05-02 13:00:00,28.5,62.0,0.1,4.7,0.0,1.2,Hujan Ringan,wmo:51
jatinangor,"Jatinangor, Sumedang",2026-05-02,32.11.15.2002,Hegarmanah,kecamatan,yes,-6.938,107.7556,Asia/Jakarta,"BMKG representative point: Hegarmanah, Kecamatan Jatinangor",02-05-2026,ECMWF,Open-Meteo / ECMWF,16:00,2026-05-02 16:00:00,26.0,73.0,0.2,2.3,0.0,1.2,Hujan Ringan,wmo:51
jatinangor,"Jatinangor, Sumedang",2026-05-02,32.11.15.2002,Hegarmanah,kecamatan,yes,-6.938,107.7556,Asia/Jakarta,"BMKG representative point: Hegarmanah, Kecamatan Jatinangor",02-05-2026,ECMWF,Open-Meteo / ECMWF,19:00,2026-05-02 19:00:00,23.2,88.0,0.0,3.8,0.0,1.2,Cerah Berawan,wmo:1
jatinangor,"Jatinangor, Sumedang",2026-05-02,32.11.15.2002,Hegarmanah,kecamatan,yes,-6.938,107.7556,Asia/Jakarta,"BMKG representative point: Hegarmanah, Kecamatan Jatinangor",02-05-2026,ECMWF,Open-Meteo / ECMWF,22:00,2026-05-02 22:00:00,21.8,95.0,0.0,3.3,0.0,1.2,Cerah Berawan,wmo:2
jatinangor,"Jatinangor, Sumedang",2026-05-02,32.11.15.2002,Hegarmanah,kecamatan,yes,-6.938,107.7556,Asia/Jakarta,"BMKG representative point: Hegarmanah, Kecamatan Jatinangor",02-05-2026,GFS,Open-Meteo / NOAA GFS,10:00,2026-05-02 10:00:00,27.7,65.0,0.0,3.2,0.0,1.0,Cerah,wmo:0
jatinangor,"Jatinangor, Sumedang",2026-05-02,32.11.15.2002,Hegarmanah,kecamatan,yes,-6.938,107.7556,Asia/Jakarta,"BMKG representative point: Hegarmanah, Kecamatan Jatinangor",02-05-2026,GFS,Open-Meteo / NOAA GFS,13:00,2026-05-02 13:00:00,28.9,58.0,0.4,8.7,0.0,1.0,Hujan Ringan,wmo:51
jatinangor,"Jatinangor, Sumedang",2026-05-02,32.11.15.2002,Hegarmanah,kecamatan,yes,-6.938,107.7556,Asia/Jakarta,"BMKG representative point: Hegarmanah, Kecamatan Jatinangor",02-05-2026,GFS,Open-Meteo / NOAA GFS,16:00,2026-05-02 16:00:00,25.6,78.0,1.7,7.0,0.0,1.0,Hujan Ringan,wmo:80
jatinangor,"Jatinangor, Sumedang",2026-05-02,32.11.15.2002,Hegarmanah,kecamatan,yes,-6.938,107.7556,Asia/Jakarta,"BMKG representative point: Hegarmanah, Kecamatan Jatinangor",02-05-2026,GFS,Open-Meteo / NOAA GFS,19:00,2026-05-02 19:00:00,22.4,92.0,0.0,4.3,0.0,1.0,Cerah Berawan,wmo:2
jatinangor,"Jatinangor, Sumedang",2026-05-02,32.11.15.2002,Hegarmanah,kecamatan,yes,-6.938,107.7556,Asia/Jakarta,"BMKG representative point: Hegarmanah, Kecamatan Jatinangor",02-05-2026,GFS,Open-Meteo / NOAA GFS,22:00,2026-05-02 22:00:00,21.5,96.0,0.1,3.9,0.0,1.0,Hujan Ringan,wmo:51
jatinangor,"Jatinangor, Sumedang",2026-05-02,32.11.15.2002,Hegarmanah,kecamatan,yes,-6.938,107.7556,Asia/Jakarta,"BMKG representative point: Hegarmanah, Kecamatan Jatinangor",02-05-2026,ICON,Open-Meteo / DWD ICON,10:00,2026-05-02 10:00:00,27.6,64.0,0.0,5.6,0.0,1.05,Cerah Berawan,wmo:2
jatinangor,"Jatinangor, Sumedang",2026-05-02,32.11.15.2002,Hegarmanah,kecamatan,yes,-6.938,107.7556,Asia/Jakarta,"BMKG representative point: Hegarmanah, Kecamatan Jatinangor",02-05-2026,ICON,Open-Meteo / DWD ICON,13:00,2026-05-02 13:00:00,31.0,48.0,0.0,3.1,0.0,1.05,Cerah Berawan,wmo:2
jatinangor,"Jatinangor, Sumedang",2026-05-02,32.11.15.2002,Hegarmanah,kecamatan,yes,-6.938,107.7556,Asia/Jakarta,"BMKG representative point: Hegarmanah, Kecamatan Jatinangor",02-05-2026,ICON,Open-Meteo / DWD ICON,16:00,2026-05-02 16:00:00,28.9,57.0,0.2,2.7,0.0,1.05,Berawan,wmo:3
jatinangor,"Jatinangor, Sumedang",2026-05-02,32.11.15.2002,Hegarmanah,kecamatan,yes,-6.938,107.7556,Asia/Jakarta,"BMKG representative point: Hegarmanah, Kecamatan Jatinangor",02-05-2026,ICON,Open-Meteo / DWD ICON,19:00,2026-05-02 19:00:00,25.1,79.0,0.1,1.5,0.0,1.05,Berawan,wmo:3
jatinangor,"Jatinangor, Sumedang",2026-05-02,32.11.15.2002,Hegarmanah,kecamatan,yes,-6.938,107.7556,Asia/Jakarta,"BMKG representative point: Hegarmanah, Kecamatan Jatinangor",02-05-2026,ICON,Open-Meteo / DWD ICON,22:00,2026-05-02 22:00:00,24.1,87.0,0.0,2.9,0.0,1.05,Cerah Berawan,wmo:2
jatinangor,"Jatinangor, Sumedang",2026-05-02,32.11.15.2002,Hegarmanah,kecamatan,yes,-6.938,107.7556,Asia/Jakarta,"BMKG representative point: Hegarmanah, Kecamatan Jatinangor",02-05-2026,KMA,Open-Meteo / KMA,10:00,2026-05-02 10:00:00,,,,,0.0,0.63,Berawan,wmo:None
jatinangor,"Jatinangor, Sumedang",2026-05-02,32.11.15.2002,Hegarmanah,kecamatan,yes,-6.938,107.7556,Asia/Jakarta,"BMKG representative point: Hegarmanah, Kecamatan Jatinangor",02-05-2026,KMA,Open-Meteo / KMA,13:00,2026-05-02 13:00:00,,,,,0.0,0.63,Berawan,wmo:None
jatinangor,"Jatinangor, Sumedang",2026-05-02,32.11.15.2002,Hegarmanah,kecamatan,yes,-6.938,107.7556,Asia/Jakarta,"BMKG representative point: Hegarmanah, Kecamatan Jatinangor",02-05-2026,KMA,Open-Meteo / KMA,16:00,2026-05-02 16:00:00,,,,,0.0,0.63,Berawan,wmo:None
jatinangor,"Jatinangor, Sumedang",2026-05-02,32.11.15.2002,Hegarmanah,kecamatan,yes,-6.938,107.7556,Asia/Jakarta,"BMKG representative point: Hegarmanah, Kecamatan Jatinangor",02-05-2026,KMA,Open-Meteo / KMA,19:00,2026-05-02 19:00:00,,,,,0.0,0.63,Berawan,wmo:None
jatinangor,"Jatinangor, Sumedang",2026-05-02,32.11.15.2002,Hegarmanah,kecamatan,yes,-6.938,107.7556,Asia/Jakarta,"BMKG representative point: Hegarmanah, Kecamatan Jatinangor",02-05-2026,KMA,Open-Meteo / KMA,22:00,2026-05-02 22:00:00,,,,,0.0,0.63,Berawan,wmo:None
jatinangor,"Jatinangor, Sumedang",2026-05-02,32.11.15.2002,Hegarmanah,kecamatan,yes,-6.938,107.7556,Asia/Jakarta,"BMKG representative point: Hegarmanah, Kecamatan Jatinangor",02-05-2026,METEOFRANCE,Open-Meteo / Meteo-France,10:00,2026-05-02 10:00:00,29.5,75.0,0.0,6.5,0.0,1.1,Cerah Berawan,wmo:2
jatinangor,"Jatinangor, Sumedang",2026-05-02,32.11.15.2002,Hegarmanah,kecamatan,yes,-6.938,107.7556,Asia/Jakarta,"BMKG representative point: Hegarmanah, Kecamatan Jatinangor",02-05-2026,METEOFRANCE,Open-Meteo / Meteo-France,13:00,2026-05-02 13:00:00,31.5,70.0,0.0,8.0,0.0,1.1,Cerah Berawan,wmo:1
jatinangor,"Jatinangor, Sumedang",2026-05-02,32.11.15.2002,Hegarmanah,kecamatan,yes,-6.938,107.7556,Asia/Jakarta,"BMKG representative point: Hegarmanah, Kecamatan Jatinangor",02-05-2026,METEOFRANCE,Open-Meteo / Meteo-France,16:00,2026-05-02 16:00:00,29.9,80.0,0.1,8.7,0.0,1.1,Hujan Ringan,wmo:51
jatinangor,"Jatinangor, Sumedang",2026-05-02,32.11.15.2002,Hegarmanah,kecamatan,yes,-6.938,107.7556,Asia/Jakarta,"BMKG representative point: Hegarmanah, Kecamatan Jatinangor",02-05-2026,METEOFRANCE,Open-Meteo / Meteo-France,19:00,2026-05-02 19:00:00,26.9,97.0,0.5,4.7,0.0,1.1,Hujan Ringan,wmo:53
jatinangor,"Jatinangor, Sumedang",2026-05-02,32.11.15.2002,Hegarmanah,kecamatan,yes,-6.938,107.7556,Asia/Jakarta,"BMKG representative point: Hegarmanah, Kecamatan Jatinangor",02-05-2026,METEOFRANCE,Open-Meteo / Meteo-France,22:00,2026-05-02 22:00:00,26.0,99.0,0.0,4.2,0.0,1.1,Berawan,wmo:3
jatinangor,"Jatinangor, Sumedang",2026-05-02,32.11.15.2002,Hegarmanah,kecamatan,yes,-6.938,107.7556,Asia/Jakarta,"BMKG representative point: Hegarmanah, Kecamatan Jatinangor",02-05-2026,METNO,MET Norway,10:00,2026-05-02 10:00:00,26.3,72.4,0.2,8.28,0.0,1.0,Hujan Ringan,lightrain
jatinangor,"Jatinangor, Sumedang",2026-05-02,32.11.15.2002,Hegarmanah,kecamatan,yes,-6.938,107.7556,Asia/Jakarta,"BMKG representative point: Hegarmanah, Kecamatan Jatinangor",02-05-2026,METNO,MET Norway,13:00,2026-05-02 13:00:00,27.3,66.7,0.5,9.0,0.0,1.0,Hujan Ringan,rainshowers_day
jatinangor,"Jatinangor, Sumedang",2026-05-02,32.11.15.2002,Hegarmanah,kecamatan,yes,-6.938,107.7556,Asia/Jakarta,"BMKG representative point: Hegarmanah, Kecamatan Jatinangor",02-05-2026,METNO,MET Norway,16:00,2026-05-02 16:00:00,25.2,77.6,0.3,4.32,0.0,1.0,Hujan Ringan,rainshowers_day
jatinangor,"Jatinangor, Sumedang",2026-05-02,32.11.15.2002,Hegarmanah,kecamatan,yes,-6.938,107.7556,Asia/Jakarta,"BMKG representative point: Hegarmanah, Kecamatan Jatinangor",02-05-2026,METNO,MET Norway,19:00,2026-05-02 19:00:00,21.8,95.7,0.0,4.32,0.0,1.0,Cerah Berawan,fair_night
jatinangor,"Jatinangor, Sumedang",2026-05-02,32.11.15.2002,Hegarmanah,kecamatan,yes,-6.938,107.7556,Asia/Jakarta,"BMKG representative point: Hegarmanah, Kecamatan Jatinangor",02-05-2026,METNO,MET Norway,22:00,2026-05-02 22:00:00,21.0,98.4,0.0,3.24,0.0,1.0,Berawan,fog
jatinangor,"Jatinangor, Sumedang",2026-05-02,32.11.15.2002,Hegarmanah,kecamatan,yes,-6.938,107.7556,Asia/Jakarta,"BMKG representative point: Hegarmanah, Kecamatan Jatinangor",02-05-2026,UKMO,Open-Meteo / UK Met Office,10:00,2026-05-02 10:00:00,26.5,71.0,0.0,8.3,0.0,0.95,Cerah Berawan,wmo:1
jatinangor,"Jatinangor, Sumedang",2026-05-02,32.11.15.2002,Hegarmanah,kecamatan,yes,-6.938,107.7556,Asia/Jakarta,"BMKG representative point: Hegarmanah, Kecamatan Jatinangor",02-05-2026,UKMO,Open-Meteo / UK Met Office,13:00,2026-05-02 13:00:00,26.3,77.0,0.1,11.9,0.0,0.95,Hujan Ringan,wmo:51
jatinangor,"Jatinangor, Sumedang",2026-05-02,32.11.15.2002,Hegarmanah,kecamatan,yes,-6.938,107.7556,Asia/Jakarta,"BMKG representative point: Hegarmanah, Kecamatan Jatinangor",02-05-2026,UKMO,Open-Meteo / UK Met Office,16:00,2026-05-02 16:00:00,26.2,78.0,0.0,10.4,0.0,0.95,Cerah Berawan,wmo:1
jatinangor,"Jatinangor, Sumedang",2026-05-02,32.11.15.2002,Hegarmanah,kecamatan,yes,-6.938,107.7556,Asia/Jakarta,"BMKG representative point: Hegarmanah, Kecamatan Jatinangor",02-05-2026,UKMO,Open-Meteo / UK Met Office,19:00,2026-05-02 19:00:00,23.2,99.0,0.0,4.3,0.0,0.95,Cerah Berawan,wmo:2
jatinangor,"Jatinangor, Sumedang",2026-05-02,32.11.15.2002,Hegarmanah,kecamatan,yes,-6.938,107.7556,Asia/Jakarta,"BMKG representative point: Hegarmanah, Kecamatan Jatinangor",02-05-2026,UKMO,Open-Meteo / UK Met Office,22:00,2026-05-02 22:00:00,21.6,99.0,0.0,1.1,0.0,0.95,Cerah,wmo:0
arjawinangun,"Arjawinangun, Cirebon",2026-05-02,32.09.24.2004,Arjawinangun,kecamatan,no,-6.6453,108.4103,Asia/Jakarta,"BMKG point: Arjawinangun, Kecamatan Arjawinangun",02-05-2026,BMKG,BMKG,10:00,2026-05-02 11:00:00,33.0,56.0,0.0,6.7,60.0,1.0125,Berawan,Berawan
arjawinangun,"Arjawinangun, Cirebon",2026-05-02,32.09.24.2004,Arjawinangun,kecamatan,no,-6.6453,108.4103,Asia/Jakarta,"BMKG point: Arjawinangun, Kecamatan Arjawinangun",02-05-2026,BMKG,BMKG,13:00,2026-05-02 14:00:00,32.0,62.0,0.0,7.6,60.0,1.0125,Cerah Berawan,Cerah Berawan
arjawinangun,"Arjawinangun, Cirebon",2026-05-02,32.09.24.2004,Arjawinangun,kecamatan,no,-6.6453,108.4103,Asia/Jakarta,"BMKG point: Arjawinangun, Kecamatan Arjawinangun",02-05-2026,BMKG,BMKG,16:00,2026-05-02 17:00:00,28.0,77.0,0.0,2.2,60.0,1.0125,Berawan,Berawan
arjawinangun,"Arjawinangun, Cirebon",2026-05-02,32.09.24.2004,Arjawinangun,kecamatan,no,-6.6453,108.4103,Asia/Jakarta,"BMKG point: Arjawinangun, Kecamatan Arjawinangun",02-05-2026,BMKG,BMKG,19:00,2026-05-02 20:00:00,27.0,87.0,0.0,5.0,60.0,1.0125,Berawan,Berawan
arjawinangun,"Arjawinangun, Cirebon",2026-05-02,32.09.24.2004,Arjawinangun,kecamatan,no,-6.6453,108.4103,Asia/Jakarta,"BMKG point: Arjawinangun, Kecamatan Arjawinangun",02-05-2026,BMKG,BMKG,22:00,2026-05-02 23:00:00,24.0,88.0,0.0,3.4,60.0,1.0125,Berawan,Berawan
arjawinangun,"Arjawinangun, Cirebon",2026-05-02,32.09.24.2004,Arjawinangun,kecamatan,no,-6.6453,108.4103,Asia/Jakarta,"BMKG point: Arjawinangun, Kecamatan Arjawinangun",02-05-2026,CMA,Open-Meteo / CMA GRAPES,10:00,2026-05-02 10:00:00,31.6,59.0,0.0,6.8,0.0,0.85,Berawan,wmo:3
arjawinangun,"Arjawinangun, Cirebon",2026-05-02,32.09.24.2004,Arjawinangun,kecamatan,no,-6.6453,108.4103,Asia/Jakarta,"BMKG point: Arjawinangun, Kecamatan Arjawinangun",02-05-2026,CMA,Open-Meteo / CMA GRAPES,13:00,2026-05-02 13:00:00,33.9,51.0,0.0,8.9,0.0,0.85,Cerah,wmo:0
arjawinangun,"Arjawinangun, Cirebon",2026-05-02,32.09.24.2004,Arjawinangun,kecamatan,no,-6.6453,108.4103,Asia/Jakarta,"BMKG point: Arjawinangun, Kecamatan Arjawinangun",02-05-2026,CMA,Open-Meteo / CMA GRAPES,16:00,2026-05-02 16:00:00,30.8,69.0,0.0,15.5,0.0,0.85,Berawan,wmo:3
arjawinangun,"Arjawinangun, Cirebon",2026-05-02,32.09.24.2004,Arjawinangun,kecamatan,no,-6.6453,108.4103,Asia/Jakarta,"BMKG point: Arjawinangun, Kecamatan Arjawinangun",02-05-2026,CMA,Open-Meteo / CMA GRAPES,19:00,2026-05-02 19:00:00,28.2,84.0,0.9,6.6,0.0,0.85,Hujan Ringan,wmo:53
arjawinangun,"Arjawinangun, Cirebon",2026-05-02,32.09.24.2004,Arjawinangun,kecamatan,no,-6.6453,108.4103,Asia/Jakarta,"BMKG point: Arjawinangun, Kecamatan Arjawinangun",02-05-2026,CMA,Open-Meteo / CMA GRAPES,22:00,2026-05-02 22:00:00,27.6,84.0,1.2,8.0,0.0,0.85,Hujan Ringan,wmo:55
arjawinangun,"Arjawinangun, Cirebon",2026-05-02,32.09.24.2004,Arjawinangun,kecamatan,no,-6.6453,108.4103,Asia/Jakarta,"BMKG point: Arjawinangun, Kecamatan Arjawinangun",02-05-2026,ECMWF,Open-Meteo / ECMWF,10:00,2026-05-02 10:00:00,30.8,64.0,0.0,3.1,0.0,1.2,Berawan,wmo:3
arjawinangun,"Arjawinangun, Cirebon",2026-05-02,32.09.24.2004,Arjawinangun,kecamatan,no,-6.6453,108.4103,Asia/Jakarta,"BMKG point: Arjawinangun, Kecamatan Arjawinangun",02-05-2026,ECMWF,Open-Meteo / ECMWF,13:00,2026-05-02 13:00:00,31.2,64.0,0.2,9.0,0.0,1.2,Hujan Ringan,wmo:51
arjawinangun,"Arjawinangun, Cirebon",2026-05-02,32.09.24.2004,Arjawinangun,kecamatan,no,-6.6453,108.4103,Asia/Jakarta,"BMKG point: Arjawinangun, Kecamatan Arjawinangun",02-05-2026,ECMWF,Open-Meteo / ECMWF,16:00,2026-05-02 16:00:00,29.3,73.0,0.3,8.0,0.0,1.2,Hujan Ringan,wmo:51
arjawinangun,"Arjawinangun, Cirebon",2026-05-02,32.09.24.2004,Arjawinangun,kecamatan,no,-6.6453,108.4103,Asia/Jakarta,"BMKG point: Arjawinangun, Kecamatan Arjawinangun",02-05-2026,ECMWF,Open-Meteo / ECMWF,19:00,2026-05-02 19:00:00,27.4,83.0,0.0,5.3,0.0,1.2,Cerah Berawan,wmo:1
arjawinangun,"Arjawinangun, Cirebon",2026-05-02,32.09.24.2004,Arjawinangun,kecamatan,no,-6.6453,108.4103,Asia/Jakarta,"BMKG point: Arjawinangun, Kecamatan Arjawinangun",02-05-2026,ECMWF,Open-Meteo / ECMWF,22:00,2026-05-02 22:00:00,26.6,87.0,0.0,2.4,0.0,1.2,Cerah Berawan,wmo:1
arjawinangun,"Arjawinangun, Cirebon",2026-05-02,32.09.24.2004,Arjawinangun,kecamatan,no,-6.6453,108.4103,Asia/Jakarta,"BMKG point: Arjawinangun, Kecamatan Arjawinangun",02-05-2026,GFS,Open-Meteo / NOAA GFS,10:00,2026-05-02 10:00:00,30.4,64.0,0.0,5.1,0.0,1.0,Berawan,wmo:3
arjawinangun,"Arjawinangun, Cirebon",2026-05-02,32.09.24.2004,Arjawinangun,kecamatan,no,-6.6453,108.4103,Asia/Jakarta,"BMKG point: Arjawinangun, Kecamatan Arjawinangun",02-05-2026,GFS,Open-Meteo / NOAA GFS,13:00,2026-05-02 13:00:00,32.1,58.0,0.0,9.2,0.0,1.0,Berawan,wmo:3
arjawinangun,"Arjawinangun, Cirebon",2026-05-02,32.09.24.2004,Arjawinangun,kecamatan,no,-6.6453,108.4103,Asia/Jakarta,"BMKG point: Arjawinangun, Kecamatan Arjawinangun",02-05-2026,GFS,Open-Meteo / NOAA GFS,16:00,2026-05-02 16:00:00,30.1,67.0,0.0,14.5,0.0,1.0,Cerah Berawan,wmo:1
arjawinangun,"Arjawinangun, Cirebon",2026-05-02,32.09.24.2004,Arjawinangun,kecamatan,no,-6.6453,108.4103,Asia/Jakarta,"BMKG point: Arjawinangun, Kecamatan Arjawinangun",02-05-2026,GFS,Open-Meteo / NOAA GFS,19:00,2026-05-02 19:00:00,26.1,84.0,1.7,7.9,0.0,1.0,Hujan Ringan,wmo:80
arjawinangun,"Arjawinangun, Cirebon",2026-05-02,32.09.24.2004,Arjawinangun,kecamatan,no,-6.6453,108.4103,Asia/Jakarta,"BMKG point: Arjawinangun, Kecamatan Arjawinangun",02-05-2026,GFS,Open-Meteo / NOAA GFS,22:00,2026-05-02 22:00:00,25.4,89.0,1.3,3.4,0.0,1.0,Hujan Ringan,wmo:80
arjawinangun,"Arjawinangun, Cirebon",2026-05-02,32.09.24.2004,Arjawinangun,kecamatan,no,-6.6453,108.4103,Asia/Jakarta,"BMKG point: Arjawinangun, Kecamatan Arjawinangun",02-05-2026,ICON,Open-Meteo / DWD ICON,10:00,2026-05-02 10:00:00,30.8,67.0,0.0,4.0,0.0,1.05,Cerah Berawan,wmo:2
arjawinangun,"Arjawinangun, Cirebon",2026-05-02,32.09.24.2004,Arjawinangun,kecamatan,no,-6.6453,108.4103,Asia/Jakarta,"BMKG point: Arjawinangun, Kecamatan Arjawinangun",02-05-2026,ICON,Open-Meteo / DWD ICON,13:00,2026-05-02 13:00:00,33.5,55.0,0.0,8.0,0.0,1.05,Cerah,wmo:0
arjawinangun,"Arjawinangun, Cirebon",2026-05-02,32.09.24.2004,Arjawinangun,kecamatan,no,-6.6453,108.4103,Asia/Jakarta,"BMKG point: Arjawinangun, Kecamatan Arjawinangun",02-05-2026,ICON,Open-Meteo / DWD ICON,16:00,2026-05-02 16:00:00,31.3,64.0,0.1,11.0,0.0,1.05,Cerah Berawan,wmo:2
arjawinangun,"Arjawinangun, Cirebon",2026-05-02,32.09.24.2004,Arjawinangun,kecamatan,no,-6.6453,108.4103,Asia/Jakarta,"BMKG point: Arjawinangun, Kecamatan Arjawinangun",02-05-2026,ICON,Open-Meteo / DWD ICON,19:00,2026-05-02 19:00:00,27.8,83.0,0.3,3.3,0.0,1.05,Hujan Ringan,wmo:80
arjawinangun,"Arjawinangun, Cirebon",2026-05-02,32.09.24.2004,Arjawinangun,kecamatan,no,-6.6453,108.4103,Asia/Jakarta,"BMKG point: Arjawinangun, Kecamatan Arjawinangun",02-05-2026,ICON,Open-Meteo / DWD ICON,22:00,2026-05-02 22:00:00,26.5,91.0,0.0,1.4,0.0,1.05,Cerah Berawan,wmo:2
arjawinangun,"Arjawinangun, Cirebon",2026-05-02,32.09.24.2004,Arjawinangun,kecamatan,no,-6.6453,108.4103,Asia/Jakarta,"BMKG point: Arjawinangun, Kecamatan Arjawinangun",02-05-2026,KMA,Open-Meteo / KMA,10:00,2026-05-02 10:00:00,,,,,0.0,0.63,Berawan,wmo:None
arjawinangun,"Arjawinangun, Cirebon",2026-05-02,32.09.24.2004,Arjawinangun,kecamatan,no,-6.6453,108.4103,Asia/Jakarta,"BMKG point: Arjawinangun, Kecamatan Arjawinangun",02-05-2026,KMA,Open-Meteo / KMA,13:00,2026-05-02 13:00:00,,,,,0.0,0.63,Berawan,wmo:None
arjawinangun,"Arjawinangun, Cirebon",2026-05-02,32.09.24.2004,Arjawinangun,kecamatan,no,-6.6453,108.4103,Asia/Jakarta,"BMKG point: Arjawinangun, Kecamatan Arjawinangun",02-05-2026,KMA,Open-Meteo / KMA,16:00,2026-05-02 16:00:00,,,,,0.0,0.63,Berawan,wmo:None
arjawinangun,"Arjawinangun, Cirebon",2026-05-02,32.09.24.2004,Arjawinangun,kecamatan,no,-6.6453,108.4103,Asia/Jakarta,"BMKG point: Arjawinangun, Kecamatan Arjawinangun",02-05-2026,KMA,Open-Meteo / KMA,19:00,2026-05-02 19:00:00,,,,,0.0,0.63,Berawan,wmo:None
arjawinangun,"Arjawinangun, Cirebon",2026-05-02,32.09.24.2004,Arjawinangun,kecamatan,no,-6.6453,108.4103,Asia/Jakarta,"BMKG point: Arjawinangun, Kecamatan Arjawinangun",02-05-2026,KMA,Open-Meteo / KMA,22:00,2026-05-02 22:00:00,,,,,0.0,0.63,Berawan,wmo:None
arjawinangun,"Arjawinangun, Cirebon",2026-05-02,32.09.24.2004,Arjawinangun,kecamatan,no,-6.6453,108.4103,Asia/Jakarta,"BMKG point: Arjawinangun, Kecamatan Arjawinangun",02-05-2026,METEOFRANCE,Open-Meteo / Meteo-France,10:00,2026-05-02 10:00:00,31.6,63.0,0.0,10.2,0.0,1.1,Cerah Berawan,wmo:2
arjawinangun,"Arjawinangun, Cirebon",2026-05-02,32.09.24.2004,Arjawinangun,kecamatan,no,-6.6453,108.4103,Asia/Jakarta,"BMKG point: Arjawinangun, Kecamatan Arjawinangun",02-05-2026,METEOFRANCE,Open-Meteo / Meteo-France,13:00,2026-05-02 13:00:00,32.8,61.0,0.0,12.3,0.0,1.1,Cerah Berawan,wmo:2
arjawinangun,"Arjawinangun, Cirebon",2026-05-02,32.09.24.2004,Arjawinangun,kecamatan,no,-6.6453,108.4103,Asia/Jakarta,"BMKG point: Arjawinangun, Kecamatan Arjawinangun",02-05-2026,METEOFRANCE,Open-Meteo / Meteo-France,16:00,2026-05-02 16:00:00,31.3,70.0,0.0,11.5,0.0,1.1,Cerah Berawan,wmo:2
arjawinangun,"Arjawinangun, Cirebon",2026-05-02,32.09.24.2004,Arjawinangun,kecamatan,no,-6.6453,108.4103,Asia/Jakarta,"BMKG point: Arjawinangun, Kecamatan Arjawinangun",02-05-2026,METEOFRANCE,Open-Meteo / Meteo-France,19:00,2026-05-02 19:00:00,28.8,85.0,0.2,7.9,0.0,1.1,Hujan Ringan,wmo:51
arjawinangun,"Arjawinangun, Cirebon",2026-05-02,32.09.24.2004,Arjawinangun,kecamatan,no,-6.6453,108.4103,Asia/Jakarta,"BMKG point: Arjawinangun, Kecamatan Arjawinangun",02-05-2026,METEOFRANCE,Open-Meteo / Meteo-France,22:00,2026-05-02 22:00:00,27.5,92.0,0.2,9.2,0.0,1.1,Hujan Ringan,wmo:51
arjawinangun,"Arjawinangun, Cirebon",2026-05-02,32.09.24.2004,Arjawinangun,kecamatan,no,-6.6453,108.4103,Asia/Jakarta,"BMKG point: Arjawinangun, Kecamatan Arjawinangun",02-05-2026,METNO,MET Norway,10:00,2026-05-02 10:00:00,31.5,59.2,0.0,7.56,0.0,1.0,Cerah Berawan,partlycloudy_day
arjawinangun,"Arjawinangun, Cirebon",2026-05-02,32.09.24.2004,Arjawinangun,kecamatan,no,-6.6453,108.4103,Asia/Jakarta,"BMKG point: Arjawinangun, Kecamatan Arjawinangun",02-05-2026,METNO,MET Norway,13:00,2026-05-02 13:00:00,32.7,56.4,1.0,13.32,0.0,1.0,Hujan Lebat,heavyrainshowers_day
arjawinangun,"Arjawinangun, Cirebon",2026-05-02,32.09.24.2004,Arjawinangun,kecamatan,no,-6.6453,108.4103,Asia/Jakarta,"BMKG point: Arjawinangun, Kecamatan Arjawinangun",02-05-2026,METNO,MET Norway,16:00,2026-05-02 16:00:00,30.9,64.5,0.0,9.36,0.0,1.0,Cerah Berawan,fair_day
arjawinangun,"Arjawinangun, Cirebon",2026-05-02,32.09.24.2004,Arjawinangun,kecamatan,no,-6.6453,108.4103,Asia/Jakarta,"BMKG point: Arjawinangun, Kecamatan Arjawinangun",02-05-2026,METNO,MET Norway,19:00,2026-05-02 19:00:00,28.0,79.1,0.0,9.36,0.0,1.0,Cerah,clearsky_night
arjawinangun,"Arjawinangun, Cirebon",2026-05-02,32.09.24.2004,Arjawinangun,kecamatan,no,-6.6453,108.4103,Asia/Jakarta,"BMKG point: Arjawinangun, Kecamatan Arjawinangun",02-05-2026,METNO,MET Norway,22:00,2026-05-02 22:00:00,27.1,84.1,0.0,10.08,0.0,1.0,Cerah Berawan,fair_night
arjawinangun,"Arjawinangun, Cirebon",2026-05-02,32.09.24.2004,Arjawinangun,kecamatan,no,-6.6453,108.4103,Asia/Jakarta,"BMKG point: Arjawinangun, Kecamatan Arjawinangun",02-05-2026,UKMO,Open-Meteo / UK Met Office,10:00,2026-05-02 10:00:00,30.2,64.0,0.0,3.2,0.0,0.95,Cerah,wmo:0
arjawinangun,"Arjawinangun, Cirebon",2026-05-02,32.09.24.2004,Arjawinangun,kecamatan,no,-6.6453,108.4103,Asia/Jakarta,"BMKG point: Arjawinangun, Kecamatan Arjawinangun",02-05-2026,UKMO,Open-Meteo / UK Met Office,13:00,2026-05-02 13:00:00,32.9,52.0,0.0,9.4,0.0,0.95,Cerah,wmo:0
arjawinangun,"Arjawinangun, Cirebon",2026-05-02,32.09.24.2004,Arjawinangun,kecamatan,no,-6.6453,108.4103,Asia/Jakarta,"BMKG point: Arjawinangun, Kecamatan Arjawinangun",02-05-2026,UKMO,Open-Meteo / UK Met Office,16:00,2026-05-02 16:00:00,31.6,60.0,0.0,13.0,0.0,0.95,Cerah Berawan,wmo:2
arjawinangun,"Arjawinangun, Cirebon",2026-05-02,32.09.24.2004,Arjawinangun,kecamatan,no,-6.6453,108.4103,Asia/Jakarta,"BMKG point: Arjawinangun, Kecamatan Arjawinangun",02-05-2026,UKMO,Open-Meteo / UK Met Office,19:00,2026-05-02 19:00:00,29.2,74.0,0.0,9.4,0.0,0.95,Hujan Lebat,wmo:95
arjawinangun,"Arjawinangun, Cirebon",2026-05-02,32.09.24.2004,Arjawinangun,kecamatan,no,-6.6453,108.4103,Asia/Jakarta,"BMKG point: Arjawinangun, Kecamatan Arjawinangun",02-05-2026,UKMO,Open-Meteo / UK Met Office,22:00,2026-05-02 22:00:00,27.4,79.0,0.0,8.6,0.0,0.95,Cerah Berawan,wmo:2
